{
  "threshold": 0.5953923134338777,
  "AUROC": 0.9705666607180504,
  "AUPRC": 0.7828952331396326,
  "F1": 0.7132352941176471,
  "Brier": 0.03963003411901922
}